,COMPANY,DATE,OPEN,CLOSE
119998,YNDX,2014-06-04,1546.7,1170.0
119999,YNDX,2014-06-05,1175.0,1145.1
120000,YNDX,2014-06-06,1158.3,1163.0
120001,YNDX,2014-06-09,1178.9,1172.1
120002,YNDX,2014-06-10,1172.1,1170.0
120003,YNDX,2014-06-11,1175.0,1179.9
120004,YNDX,2014-06-16,1164.0,1165.0
120005,YNDX,2014-06-17,1166.9,1185.5
120006,YNDX,2014-06-18,1180.1,1182.9
120007,YNDX,2014-06-19,1176.0,1168.0
120008,YNDX,2014-06-20,1165.2,1175.0
120009,YNDX,2014-06-23,1185.0,1196.0
120010,YNDX,2014-06-24,1200.0,1191.8
120011,YNDX,2014-06-25,1185.0,1176.8
120012,YNDX,2014-06-26,1185.0,1185.0
120013,YNDX,2014-06-27,1172.1,1185.0
120014,YNDX,2014-06-30,1189.9,1218.0
120015,YNDX,2014-07-01,1212.5,1218.2
120016,YNDX,2014-07-02,1218.0,1200.0
120017,YNDX,2014-07-03,1188.9,1192.0
120018,YNDX,2014-07-04,1184.9,1186.0
120019,YNDX,2014-07-07,1200.0,1160.0
120020,YNDX,2014-07-08,1165.0,1113.4
120021,YNDX,2014-07-09,1100.0,1094.0
120022,YNDX,2014-07-10,1100.0,1077.8
120023,YNDX,2014-07-11,1072.2,1099.3
120024,YNDX,2014-07-14,1095.1,1118.9
120025,YNDX,2014-07-15,1123.3,1114.3
120026,YNDX,2014-07-16,1114.2,1106.5
120027,YNDX,2014-07-17,1098.0,1088.0
120028,YNDX,2014-07-18,1080.4,1072.3
120029,YNDX,2014-07-21,1080.0,1047.5
120030,YNDX,2014-07-22,1050.4,1060.0
120031,YNDX,2014-07-23,1061.4,1056.2
120032,YNDX,2014-07-24,1056.2,1077.8
120033,YNDX,2014-07-25,1077.8,1075.1
120034,YNDX,2014-07-28,1060.2,1055.0
120035,YNDX,2014-07-29,1055.1,1116.0
120036,YNDX,2014-07-30,1112.3,1120.0
120037,YNDX,2014-07-31,1129.9,1087.7
120038,YNDX,2014-08-01,1096.9,1062.2
120039,YNDX,2014-08-04,1073.2,1089.5
120040,YNDX,2014-08-05,1101.3,1094.6
120041,YNDX,2014-08-06,1076.1,1060.1
120042,YNDX,2014-08-07,1041.1,1054.5
120043,YNDX,2014-08-08,1055.4,1033.5
120044,YNDX,2014-08-11,1040.0,1053.0
120045,YNDX,2014-08-12,1050.0,1052.1
120046,YNDX,2014-08-13,1050.0,1054.6
120047,YNDX,2014-08-14,1047.5,1053.1
120048,YNDX,2014-08-15,1040.6,1041.0
120049,YNDX,2014-08-18,1025.0,1032.0
120050,YNDX,2014-08-19,1046.8,1089.0
120051,YNDX,2014-08-20,1081.3,1109.7
120052,YNDX,2014-08-21,1098.1,1089.2
120053,YNDX,2014-08-22,1085.0,1050.0
120054,YNDX,2014-08-25,1054.0,1061.6
120055,YNDX,2014-08-26,1062.0,1056.0
120056,YNDX,2014-08-27,1059.8,1062.1
120057,YNDX,2014-08-28,1050.2,1055.0
120058,YNDX,2014-08-29,1047.0,1050.0
120059,YNDX,2014-09-01,1061.7,1055.5
120060,YNDX,2014-09-02,1059.5,1087.6
120061,YNDX,2014-09-03,1089.9,1116.8
120062,YNDX,2014-09-04,1124.0,1119.0
120063,YNDX,2014-09-05,1109.9,1159.6
120064,YNDX,2014-09-08,1168.0,1173.7
120065,YNDX,2014-09-09,1170.0,1157.3
120066,YNDX,2014-09-10,1150.1,1149.0
120067,YNDX,2014-09-11,1154.0,1149.9
120068,YNDX,2014-09-12,1144.1,1173.7
120069,YNDX,2014-09-15,1187.7,1230.0
120070,YNDX,2014-09-16,1185.0,1176.8
120071,YNDX,2014-09-17,1190.0,1174.1
120072,YNDX,2014-09-18,1173.7,1164.1
120073,YNDX,2014-09-19,1162.0,1148.5
120074,YNDX,2014-09-22,1159.9,1135.2
120075,YNDX,2014-09-23,1115.0,1125.0
120076,YNDX,2014-09-24,1125.0,1130.0
120077,YNDX,2014-09-25,1149.0,1154.0
120078,YNDX,2014-09-26,1154.1,1162.0
120079,YNDX,2014-09-29,1163.9,1131.3
120080,YNDX,2014-09-30,1119.8,1130.7
120081,YNDX,2014-10-01,1107.0,1091.0
120082,YNDX,2014-10-02,1072.0,1035.0
120083,YNDX,2014-10-03,1065.0,1078.0
120084,YNDX,2014-10-06,1081.0,1082.0
120085,YNDX,2014-10-07,1077.0,1069.0
120086,YNDX,2014-10-08,1061.0,1036.0
120087,YNDX,2014-10-09,1047.0,1037.0
120088,YNDX,2014-10-10,1045.0,1011.0
120089,YNDX,2014-10-13,1027.0,996.0
120090,YNDX,2014-10-14,1011.0,1050.0
120091,YNDX,2014-10-15,1031.0,1015.0
120092,YNDX,2014-10-16,1026.0,1035.0
120093,YNDX,2014-10-17,1040.0,1077.0
120094,YNDX,2014-10-20,1080.0,1072.0
120095,YNDX,2014-10-21,1078.0,1096.0
120096,YNDX,2014-10-22,1115.0,1125.0
120097,YNDX,2014-10-23,1090.0,1155.0
120098,YNDX,2014-10-24,1147.0,1142.0
120099,YNDX,2014-10-27,1150.0,1153.0
120100,YNDX,2014-10-28,1157.0,1196.0
120101,YNDX,2014-10-29,1211.0,1208.0
120102,YNDX,2014-10-30,1212.0,1174.0
120103,YNDX,2014-10-31,1171.0,1213.0
120104,YNDX,2014-11-03,1232.0,1233.0
120105,YNDX,2014-11-05,1205.0,1214.0
120106,YNDX,2014-11-06,1228.0,1229.0
120107,YNDX,2014-11-07,1242.0,1233.0
120108,YNDX,2014-11-10,1243.0,1214.0
120109,YNDX,2014-11-11,1232.0,1221.0
120110,YNDX,2014-11-12,1226.0,1221.0
120111,YNDX,2014-11-13,1222.0,1230.0
120112,YNDX,2014-11-14,1231.0,1224.0
120113,YNDX,2014-11-17,1225.0,1230.0
120114,YNDX,2014-11-18,1224.0,1224.0
120115,YNDX,2014-11-19,1221.0,1206.0
120116,YNDX,2014-11-20,1206.0,1209.0
120117,YNDX,2014-11-21,1206.0,1226.0
120118,YNDX,2014-11-24,1207.0,1183.0
120119,YNDX,2014-11-25,1176.0,1208.0
120120,YNDX,2014-11-26,1196.0,1235.0
120121,YNDX,2014-11-27,1232.0,1230.0
120122,YNDX,2014-11-28,1240.0,1238.0
120123,YNDX,2014-12-01,1242.0,1244.0
120124,YNDX,2014-12-02,1222.0,1283.0
120125,YNDX,2014-12-03,1260.0,1280.0
120126,YNDX,2014-12-04,1274.0,1236.0
120127,YNDX,2014-12-05,1221.0,1149.0
120128,YNDX,2014-12-08,1179.0,1090.0
120129,YNDX,2014-12-09,1090.0,1075.0
120130,YNDX,2014-12-10,1082.0,1088.0
120131,YNDX,2014-12-11,1079.0,1055.0
120132,YNDX,2014-12-12,1055.0,1133.0
120133,YNDX,2014-12-15,1125.0,1127.0
120134,YNDX,2014-12-16,1095.0,1131.0
120135,YNDX,2014-12-17,1175.0,1096.0
120136,YNDX,2014-12-18,1101.0,1100.0
120137,YNDX,2014-12-19,1118.0,1063.0
120138,YNDX,2014-12-22,1065.0,1000.0
120139,YNDX,2014-12-23,1002.0,1013.0
120140,YNDX,2014-12-24,991.0,996.0
120141,YNDX,2014-12-25,1001.0,1038.0
120142,YNDX,2014-12-26,1036.0,991.0
120143,YNDX,2014-12-29,1010.0,1028.0
120144,YNDX,2014-12-30,1043.0,1025.0
120145,YNDX,2015-01-05,1064.0,1079.0
120146,YNDX,2015-01-06,1069.0,1092.0
120147,YNDX,2015-01-08,1084.0,1094.0
120148,YNDX,2015-01-09,1101.0,1098.0
120149,YNDX,2015-01-12,1100.0,1113.0
120150,YNDX,2015-01-13,1115.0,1153.0
120151,YNDX,2015-01-14,1150.0,1177.0
120152,YNDX,2015-01-15,1181.0,1175.0
120153,YNDX,2015-01-16,1162.0,1165.0
120154,YNDX,2015-01-19,1121.0,1165.0
120155,YNDX,2015-01-20,1165.0,1122.0
120156,YNDX,2015-01-21,1102.0,1083.0
120157,YNDX,2015-01-22,1085.0,1106.0
120158,YNDX,2015-01-23,1111.0,1117.0
120159,YNDX,2015-01-26,1107.0,1121.0
120160,YNDX,2015-01-27,1097.0,1095.0
120161,YNDX,2015-01-28,1093.0,1081.0
120162,YNDX,2015-01-29,1060.0,1075.0
120163,YNDX,2015-01-30,1084.0,1075.0
120164,YNDX,2015-02-02,1058.0,998.0
120165,YNDX,2015-02-03,1010.0,997.0
120166,YNDX,2015-02-04,1008.0,1050.0
120167,YNDX,2015-02-05,1040.0,1090.0
120168,YNDX,2015-02-06,1090.0,1084.0
120169,YNDX,2015-02-09,1084.0,1078.0
120170,YNDX,2015-02-10,1059.0,1045.0
120171,YNDX,2015-02-11,1049.0,1037.0
120172,YNDX,2015-02-12,1047.0,1071.0
120173,YNDX,2015-02-13,1084.0,1115.0
120174,YNDX,2015-02-16,1105.0,1070.0
120175,YNDX,2015-02-17,1058.0,1030.0
120176,YNDX,2015-02-18,1041.0,1084.0
120177,YNDX,2015-02-19,1078.0,1049.0
120178,YNDX,2015-02-20,1050.0,1053.0
120179,YNDX,2015-02-24,1045.0,1038.0
120180,YNDX,2015-02-25,1044.0,1025.0
120181,YNDX,2015-02-26,1039.0,1009.0
120182,YNDX,2015-02-27,1016.0,1016.0
120183,YNDX,2015-03-02,1020.0,1000.0
120184,YNDX,2015-03-03,1009.0,1000.0
120185,YNDX,2015-03-04,1007.0,996.0
120186,YNDX,2015-03-05,995.0,970.0
120187,YNDX,2015-03-06,970.0,932.0
120188,YNDX,2015-03-10,908.0,885.0
120189,YNDX,2015-03-11,888.0,898.0
120190,YNDX,2015-03-12,899.0,894.0
120191,YNDX,2015-03-13,899.0,880.0
120192,YNDX,2015-03-16,892.0,878.0
120193,YNDX,2015-03-17,878.0,889.0
120194,YNDX,2015-03-18,886.0,877.0
120195,YNDX,2015-03-19,879.0,874.0
120196,YNDX,2015-03-20,874.0,866.0
120197,YNDX,2015-03-23,866.0,874.0
120198,YNDX,2015-03-24,874.0,866.0
120199,YNDX,2015-03-25,871.0,885.0
120200,YNDX,2015-03-26,884.0,880.0
120201,YNDX,2015-03-27,874.0,883.0
120202,YNDX,2015-03-30,881.0,887.0
120203,YNDX,2015-03-31,891.0,893.0
120204,YNDX,2015-04-01,886.0,902.0
120205,YNDX,2015-04-02,902.0,919.0
120206,YNDX,2015-04-03,924.0,940.0
120207,YNDX,2015-04-06,949.0,934.0
120208,YNDX,2015-04-07,941.0,942.0
120209,YNDX,2015-04-08,939.0,946.0
120210,YNDX,2015-04-09,945.0,939.0
120211,YNDX,2015-04-10,937.0,940.0
120212,YNDX,2015-04-13,947.0,941.0
120213,YNDX,2015-04-14,943.0,910.0
120214,YNDX,2015-04-15,911.0,973.0
120215,YNDX,2015-04-16,988.0,1028.0
120216,YNDX,2015-04-17,1033.0,1053.0
120217,YNDX,2015-04-20,1062.0,1054.0
120218,YNDX,2015-04-21,1079.0,1091.0
120219,YNDX,2015-04-22,1094.0,1081.0
120220,YNDX,2015-04-23,1066.0,1076.0
120221,YNDX,2015-04-24,1064.0,1052.0
120222,YNDX,2015-04-27,1060.0,1070.0
120223,YNDX,2015-04-28,1055.0,986.0
120224,YNDX,2015-04-29,995.0,997.0
120225,YNDX,2015-04-30,998.0,1001.0
120226,YNDX,2015-05-05,999.0,985.0
120227,YNDX,2015-05-06,995.0,1006.0
120228,YNDX,2015-05-07,1001.0,968.0
120229,YNDX,2015-05-08,970.0,979.0
120230,YNDX,2015-05-12,986.0,979.0
120231,YNDX,2015-05-13,975.0,944.0
120232,YNDX,2015-05-14,954.0,971.0
120233,YNDX,2015-05-15,980.0,950.0
120234,YNDX,2015-05-18,946.0,944.0
120235,YNDX,2015-05-19,954.0,939.0
120236,YNDX,2015-05-20,938.0,926.0
120237,YNDX,2015-05-21,928.0,935.0
120238,YNDX,2015-05-22,932.0,928.0
120239,YNDX,2015-05-25,927.0,928.0
120240,YNDX,2015-05-26,929.0,923.0
120241,YNDX,2015-05-27,925.0,919.0
120242,YNDX,2015-05-28,928.0,950.0
120243,YNDX,2015-05-29,964.0,941.0
120244,YNDX,2015-06-01,949.0,950.0
120245,YNDX,2015-06-02,953.0,997.0
120246,YNDX,2015-06-03,990.0,980.0
120247,YNDX,2015-06-04,980.0,993.0
120248,YNDX,2015-06-05,995.0,976.0
120249,YNDX,2015-06-08,974.0,977.0
120250,YNDX,2015-06-09,970.0,965.0
120251,YNDX,2015-06-10,960.0,950.0
120252,YNDX,2015-06-11,954.0,950.0
120253,YNDX,2015-06-15,954.0,946.0
120254,YNDX,2015-06-16,941.0,927.0
120255,YNDX,2015-06-17,933.0,930.0
120256,YNDX,2015-06-18,931.0,906.0
120257,YNDX,2015-06-19,909.0,910.0
120258,YNDX,2015-06-22,914.0,881.0
120259,YNDX,2015-06-23,883.0,871.0
120260,YNDX,2015-06-24,870.0,871.0
120261,YNDX,2015-06-25,871.0,866.0
120262,YNDX,2015-06-26,866.0,855.0
120263,YNDX,2015-06-29,853.0,842.0
120264,YNDX,2015-06-30,840.0,848.0
120265,YNDX,2015-07-01,847.0,853.0
120266,YNDX,2015-07-02,845.0,853.0
120267,YNDX,2015-07-03,853.0,857.0
120268,YNDX,2015-07-06,853.0,860.0
120269,YNDX,2015-07-07,858.0,820.0
120270,YNDX,2015-07-08,840.0,845.0
120271,YNDX,2015-07-09,855.0,855.0
120272,YNDX,2015-07-10,854.0,845.0
120273,YNDX,2015-07-13,844.0,857.0
120274,YNDX,2015-07-14,860.0,880.0
120275,YNDX,2015-07-15,879.0,875.0
120276,YNDX,2015-07-16,868.0,873.0
120277,YNDX,2015-07-17,873.0,900.0
120278,YNDX,2015-07-20,901.0,891.0
120279,YNDX,2015-07-21,887.0,889.0
120280,YNDX,2015-07-22,883.0,865.0
120281,YNDX,2015-07-23,870.0,879.0
120282,YNDX,2015-07-24,874.0,867.0
120283,YNDX,2015-07-27,866.0,860.0
120284,YNDX,2015-07-28,864.0,883.0
120285,YNDX,2015-07-29,883.0,903.0
120286,YNDX,2015-07-30,905.0,898.0
120287,YNDX,2015-07-31,886.0,882.0
120288,YNDX,2015-08-03,872.0,866.0
120289,YNDX,2015-08-04,866.0,869.0
120290,YNDX,2015-08-05,868.0,878.0
120291,YNDX,2015-08-06,880.0,850.0
120292,YNDX,2015-08-07,854.0,860.0
120293,YNDX,2015-08-10,862.0,858.0
120294,YNDX,2015-08-11,858.0,851.0
120295,YNDX,2015-08-12,853.0,830.0
120296,YNDX,2015-08-13,836.0,839.0
120297,YNDX,2015-08-14,837.0,831.0
120298,YNDX,2015-08-17,828.0,835.0
120299,YNDX,2015-08-18,831.0,819.0
120300,YNDX,2015-08-19,822.0,799.0
120301,YNDX,2015-08-20,800.0,780.0
120302,YNDX,2015-08-21,778.0,770.0
120303,YNDX,2015-08-24,741.0,738.0
120304,YNDX,2015-08-25,739.0,764.0
120305,YNDX,2015-08-26,754.0,742.0
120306,YNDX,2015-08-27,747.0,776.0
120307,YNDX,2015-08-28,786.0,800.0
120308,YNDX,2015-08-31,801.0,805.0
120309,YNDX,2015-09-01,797.0,782.0
120310,YNDX,2015-09-02,772.0,780.0
120311,YNDX,2015-09-03,783.0,795.0
120312,YNDX,2015-09-04,789.0,790.0
120313,YNDX,2015-09-07,787.0,786.0
120314,YNDX,2015-09-08,788.0,786.0
120315,YNDX,2015-09-09,785.0,787.0
120316,YNDX,2015-09-10,787.0,773.0
120317,YNDX,2015-09-11,775.0,760.0
120318,YNDX,2015-09-14,762.0,809.0
120319,YNDX,2015-09-15,813.0,815.0
120320,YNDX,2015-09-16,814.0,862.0
120321,YNDX,2015-09-17,859.0,860.0
120322,YNDX,2015-09-18,869.0,841.0
120323,YNDX,2015-09-21,841.0,826.0
120324,YNDX,2015-09-22,820.0,775.0
120325,YNDX,2015-09-23,778.0,752.0
120326,YNDX,2015-09-24,750.0,714.0
120327,YNDX,2015-09-25,717.0,714.0
120328,YNDX,2015-09-28,712.0,694.0
120329,YNDX,2015-09-29,688.0,703.0
120330,YNDX,2015-09-30,710.0,713.0
120331,YNDX,2015-10-01,718.0,704.0
120332,YNDX,2015-10-02,706.0,730.0
120333,YNDX,2015-10-05,737.0,775.0
120334,YNDX,2015-10-06,781.0,769.0
120335,YNDX,2015-10-07,770.0,745.0
120336,YNDX,2015-10-08,749.0,736.0
120337,YNDX,2015-10-09,742.0,763.0
120338,YNDX,2015-10-12,763.0,743.0
120339,YNDX,2015-10-13,744.0,814.0
120340,YNDX,2015-10-14,809.0,818.0
120341,YNDX,2015-10-15,828.0,821.0
120342,YNDX,2015-10-16,827.0,813.0
120343,YNDX,2015-10-19,816.0,845.0
120344,YNDX,2015-10-20,842.0,834.0
120345,YNDX,2015-10-21,834.0,822.0
120346,YNDX,2015-10-22,820.0,836.0
120347,YNDX,2015-10-23,822.0,813.0
120348,YNDX,2015-10-26,816.0,838.0
120349,YNDX,2015-10-27,862.0,940.0
120350,YNDX,2015-10-28,961.0,1002.0
120351,YNDX,2015-10-29,992.0,1009.0
120352,YNDX,2015-10-30,1002.0,1016.0
120353,YNDX,2015-11-02,1020.0,1030.0
120354,YNDX,2015-11-03,1034.3,1011.0
120355,YNDX,2015-11-05,1003.1,980.0
120356,YNDX,2015-11-06,982.1,994.9
120357,YNDX,2015-11-09,1001.8,1012.0
120358,YNDX,2015-11-10,1021.2,1027.0
120359,YNDX,2015-11-11,1020.1,1040.0
120360,YNDX,2015-11-12,1040.5,1020.6
120361,YNDX,2015-11-13,1017.9,1001.0
120362,YNDX,2015-11-16,997.6,1015.1
120363,YNDX,2015-11-17,1014.9,1059.0
120364,YNDX,2015-11-18,1063.2,1094.0
120365,YNDX,2015-11-19,1098.9,1086.0
120366,YNDX,2015-11-20,1090.3,1111.0
120367,YNDX,2015-11-23,1112.0,1129.9
120368,YNDX,2015-11-24,1125.2,1092.0
120369,YNDX,2015-11-25,1095.7,1127.0
120370,YNDX,2015-11-26,1119.9,1117.7
120371,YNDX,2015-11-27,1116.2,1074.5
120372,YNDX,2015-11-30,1074.4,1094.0
120373,YNDX,2015-12-01,1097.2,1086.0
120374,YNDX,2015-12-02,1079.4,1104.0
120375,YNDX,2015-12-03,1105.0,1099.0
120376,YNDX,2015-12-04,1092.6,1087.1
120377,YNDX,2015-12-07,1091.5,1060.0
120378,YNDX,2015-12-08,1055.1,1038.9
120379,YNDX,2015-12-09,1038.2,1050.0
120380,YNDX,2015-12-10,1047.0,1030.3
120381,YNDX,2015-12-11,1033.9,1037.0
120382,YNDX,2015-12-14,1029.1,984.4
120383,YNDX,2015-12-15,995.1,1055.0
120384,YNDX,2015-12-16,1060.0,1067.0
120385,YNDX,2015-12-17,1069.9,1084.9
120386,YNDX,2015-12-18,1084.6,1075.1
120387,YNDX,2015-12-21,1085.0,1095.1
120388,YNDX,2015-12-22,1104.0,1090.1
120389,YNDX,2015-12-23,1095.6,1125.1
120390,YNDX,2015-12-24,1112.4,1129.1
120391,YNDX,2015-12-25,1110.2,1110.0
120392,YNDX,2015-12-28,1109.2,1119.5
120393,YNDX,2015-12-29,1129.7,1138.0
120394,YNDX,2015-12-30,1136.1,1147.0
120395,YNDX,2016-01-04,1148.9,1064.1
120396,YNDX,2016-01-05,1080.1,1133.9
120397,YNDX,2016-01-06,1131.9,1112.0
120398,YNDX,2016-01-11,1027.5,987.0
120399,YNDX,2016-01-12,982.5,999.0
120400,YNDX,2016-01-13,1004.1,1006.0
120401,YNDX,2016-01-14,998.0,1009.0
120402,YNDX,2016-01-15,1010.0,954.0
120403,YNDX,2016-01-18,949.0,963.0
120404,YNDX,2016-01-19,969.9,954.0
120405,YNDX,2016-01-20,943.1,912.5
120406,YNDX,2016-01-21,926.9,1020.0
120407,YNDX,2016-01-22,1023.0,1020.0
120408,YNDX,2016-01-25,1020.0,1002.1
120409,YNDX,2016-01-26,1003.0,1012.0
120410,YNDX,2016-01-27,1019.5,1049.9
120411,YNDX,2016-01-28,1049.0,1017.4
120412,YNDX,2016-01-29,1019.0,1007.0
120413,YNDX,2016-02-01,1015.0,1013.0
120414,YNDX,2016-02-02,1022.5,1012.0
120415,YNDX,2016-02-03,1012.5,1012.5
120416,YNDX,2016-02-04,1020.5,1054.0
120417,YNDX,2016-02-05,1046.0,1023.0
120418,YNDX,2016-02-08,1021.0,986.0
120419,YNDX,2016-02-09,991.5,992.0
120420,YNDX,2016-02-10,980.5,998.0
120421,YNDX,2016-02-11,999.0,1007.0
120422,YNDX,2016-02-12,1006.0,989.0
120423,YNDX,2016-02-15,1006.0,1008.0
120424,YNDX,2016-02-16,1011.5,1072.0
120425,YNDX,2016-02-17,1064.0,1044.0
120426,YNDX,2016-02-18,1035.0,1014.0
120427,YNDX,2016-02-19,1005.0,989.0
120428,YNDX,2016-02-20,985.5,987.5
120429,YNDX,2016-02-22,996.0,1002.5
120430,YNDX,2016-02-24,990.5,974.5
120431,YNDX,2016-02-25,992.5,982.0
120432,YNDX,2016-02-26,977.5,983.5
120433,YNDX,2016-02-29,979.5,978.0
120434,YNDX,2016-03-01,975.5,989.5
120435,YNDX,2016-03-02,993.0,1003.0
120436,YNDX,2016-03-03,1019.5,1018.0
120437,YNDX,2016-03-04,1005.5,999.0
120438,YNDX,2016-03-07,1026.5,1020.0
120439,YNDX,2016-03-09,1004.5,994.0
120440,YNDX,2016-03-10,990.5,978.5
120441,YNDX,2016-03-11,985.0,979.0
120442,YNDX,2016-03-14,992.0,1023.0
120443,YNDX,2016-03-15,1033.0,1004.0
120444,YNDX,2016-03-16,1000.5,1021.0
120445,YNDX,2016-03-17,1040.0,1032.0
120446,YNDX,2016-03-18,1040.0,1034.5
120447,YNDX,2016-03-21,1033.5,1022.0
120448,YNDX,2016-03-22,1026.0,1023.5
120449,YNDX,2016-03-23,1025.5,1020.5
120450,YNDX,2016-03-24,1028.0,1028.0
120451,YNDX,2016-03-25,1029.5,1032.5
120452,YNDX,2016-03-28,1035.0,1013.0
120453,YNDX,2016-03-29,1022.0,1036.0
120454,YNDX,2016-03-30,1039.0,1041.5
120455,YNDX,2016-03-31,1043.0,1022.0
120456,YNDX,2016-04-01,1025.0,1028.0
120457,YNDX,2016-04-04,1039.0,1033.0
120458,YNDX,2016-04-05,1033.0,1039.0
120459,YNDX,2016-04-06,1035.5,1041.0
120460,YNDX,2016-04-07,1042.0,1060.0
120461,YNDX,2016-04-08,1048.0,1018.0
120462,YNDX,2016-04-11,1014.0,1045.0
120463,YNDX,2016-04-12,1042.5,1088.5
120464,YNDX,2016-04-13,1093.0,1127.0
120465,YNDX,2016-04-14,1112.0,1109.5
120466,YNDX,2016-04-15,1104.5,1109.0
120467,YNDX,2016-04-18,1091.0,1130.0
120468,YNDX,2016-04-19,1131.5,1148.0
120469,YNDX,2016-04-20,1147.0,1186.0
120470,YNDX,2016-04-21,1182.5,1200.0
120471,YNDX,2016-04-22,1204.0,1196.0
120472,YNDX,2016-04-25,1197.5,1176.5
120473,YNDX,2016-04-26,1187.0,1173.0
120474,YNDX,2016-04-27,1182.0,1194.0
120475,YNDX,2016-04-28,1191.5,1300.0
120476,YNDX,2016-04-29,1300.0,1301.0
120477,YNDX,2016-05-04,1310.0,1337.5
120478,YNDX,2016-05-05,1334.5,1316.5
120479,YNDX,2016-05-06,1315.5,1291.0
120480,YNDX,2016-05-10,1283.5,1291.5
120481,YNDX,2016-05-11,1298.0,1286.0
120482,YNDX,2016-05-12,1286.5,1277.0
120483,YNDX,2016-05-13,1264.0,1276.5
120484,YNDX,2016-05-16,1264.0,1297.0
120485,YNDX,2016-05-17,1299.5,1278.5
120486,YNDX,2016-05-18,1276.5,1267.5
120487,YNDX,2016-05-19,1265.0,1261.0
120488,YNDX,2016-05-20,1261.0,1278.0
120489,YNDX,2016-05-23,1276.0,1288.0
120490,YNDX,2016-05-24,1285.0,1289.5
120491,YNDX,2016-05-25,1287.5,1305.0
120492,YNDX,2016-05-26,1298.5,1303.5
120493,YNDX,2016-05-27,1310.0,1311.0
120494,YNDX,2016-05-30,1321.0,1317.5
120495,YNDX,2016-05-31,1318.0,1357.0
120496,YNDX,2016-06-01,1370.0,1369.5
120497,YNDX,2016-06-02,1369.5,1371.0
120498,YNDX,2016-06-03,1378.5,1370.0
120499,YNDX,2016-06-06,1390.0,1399.0
120500,YNDX,2016-06-07,1410.5,1413.0
120501,YNDX,2016-06-08,1422.0,1450.0
120502,YNDX,2016-06-09,1452.5,1464.0
120503,YNDX,2016-06-10,1469.0,1430.0
120504,YNDX,2016-06-14,1427.5,1375.5
120505,YNDX,2016-06-15,1385.0,1408.5
120506,YNDX,2016-06-16,1401.0,1380.0
120507,YNDX,2016-06-17,1366.0,1406.0
120508,YNDX,2016-06-20,1424.5,1418.5
120509,YNDX,2016-06-21,1416.0,1377.0
120510,YNDX,2016-06-22,1384.5,1407.0
120511,YNDX,2016-06-23,1406.0,1428.0
120512,YNDX,2016-06-24,1403.0,1379.5
120513,YNDX,2016-06-27,1391.0,1291.0
120514,YNDX,2016-06-28,1305.0,1336.0
120515,YNDX,2016-06-29,1359.5,1372.5
120516,YNDX,2016-06-30,1375.0,1399.0
120517,YNDX,2016-07-01,1393.0,1403.0
120518,YNDX,2016-07-04,1401.0,1390.0
120519,YNDX,2016-07-05,1380.5,1383.0
120520,YNDX,2016-07-06,1394.5,1373.5
120521,YNDX,2016-07-07,1378.5,1390.0
120522,YNDX,2016-07-08,1391.0,1413.0
120523,YNDX,2016-07-11,1425.0,1407.0
120524,YNDX,2016-07-12,1410.0,1473.0
120525,YNDX,2016-07-13,1473.0,1403.0
120526,YNDX,2016-07-14,1413.5,1391.0
120527,YNDX,2016-07-15,1390.0,1373.5
120528,YNDX,2016-07-18,1375.0,1354.0
120529,YNDX,2016-07-19,1358.0,1345.5
120530,YNDX,2016-07-20,1343.0,1360.0
120531,YNDX,2016-07-21,1354.0,1376.0
120532,YNDX,2016-07-22,1370.5,1387.5
120533,YNDX,2016-07-25,1398.0,1377.5
120534,YNDX,2016-07-26,1373.0,1404.0
120535,YNDX,2016-07-27,1392.5,1419.0
120536,YNDX,2016-07-28,1436.5,1485.5
120537,YNDX,2016-07-29,1487.0,1442.0
120538,YNDX,2016-08-01,1442.0,1438.5
120539,YNDX,2016-08-02,1434.0,1416.0
120540,YNDX,2016-08-03,1415.0,1409.0
120541,YNDX,2016-08-04,1403.0,1417.0
120542,YNDX,2016-08-05,1412.0,1429.0
120543,YNDX,2016-08-08,1428.0,1420.0
120544,YNDX,2016-08-09,1415.0,1447.0
120545,YNDX,2016-08-10,1447.0,1447.0
120546,YNDX,2016-08-11,1455.0,1485.0
120547,YNDX,2016-08-12,1494.0,1506.0
120548,YNDX,2016-08-15,1506.5,1498.0
120549,YNDX,2016-08-16,1498.0,1491.0
120550,YNDX,2016-08-17,1493.5,1459.0
120551,YNDX,2016-08-18,1462.0,1451.0
120552,YNDX,2016-08-19,1454.0,1445.5
120553,YNDX,2016-08-22,1433.5,1441.0
120554,YNDX,2016-08-23,1433.5,1449.0
120555,YNDX,2016-08-24,1459.0,1453.0
120556,YNDX,2016-08-25,1465.0,1444.5
120557,YNDX,2016-08-26,1441.5,1447.0
120558,YNDX,2016-08-29,1440.5,1442.0
120559,YNDX,2016-08-30,1442.5,1437.5
120560,YNDX,2016-08-31,1440.0,1428.0
120561,YNDX,2016-09-01,1430.5,1464.0
120562,YNDX,2016-09-02,1464.5,1463.0
120563,YNDX,2016-09-05,1463.0,1455.5
120564,YNDX,2016-09-06,1458.5,1441.0
120565,YNDX,2016-09-07,1438.5,1418.0
120566,YNDX,2016-09-08,1420.0,1409.0
120567,YNDX,2016-09-09,1409.0,1370.0
120568,YNDX,2016-09-12,1359.5,1350.0
120569,YNDX,2016-09-13,1359.5,1326.0
120570,YNDX,2016-09-14,1326.5,1321.5
120571,YNDX,2016-09-15,1324.0,1319.5
120572,YNDX,2016-09-16,1327.5,1335.0
120573,YNDX,2016-09-19,1348.0,1341.0
120574,YNDX,2016-09-20,1344.0,1341.0
120575,YNDX,2016-09-21,1359.0,1348.5
120576,YNDX,2016-09-22,1362.0,1401.0
120577,YNDX,2016-09-23,1406.0,1398.5
120578,YNDX,2016-09-26,1381.5,1370.0
120579,YNDX,2016-09-27,1383.0,1353.0
120580,YNDX,2016-09-28,1363.0,1355.0
120581,YNDX,2016-09-29,1365.0,1353.0
120582,YNDX,2016-09-30,1345.5,1341.0
120583,YNDX,2016-10-03,1325.0,1356.0
120584,YNDX,2016-10-04,1362.0,1346.0
120585,YNDX,2016-10-05,1333.0,1371.0
120586,YNDX,2016-10-06,1378.0,1376.5
120587,YNDX,2016-10-07,1380.0,1367.0
120588,YNDX,2016-10-10,1361.5,1352.5
120589,YNDX,2016-10-11,1345.5,1350.5
120590,YNDX,2016-10-12,1353.5,1290.0
120591,YNDX,2016-10-13,1277.0,1231.0
120592,YNDX,2016-10-14,1209.5,1212.0
120593,YNDX,2016-10-17,1202.0,1186.0
120594,YNDX,2016-10-18,1194.0,1228.5
120595,YNDX,2016-10-19,1237.0,1238.5
120596,YNDX,2016-10-20,1244.0,1234.0
120597,YNDX,2016-10-21,1222.5,1213.5
120598,YNDX,2016-10-24,1235.0,1221.0
120599,YNDX,2016-10-25,1221.5,1222.5
120600,YNDX,2016-10-26,1235.0,1194.5
120601,YNDX,2016-10-27,1209.5,1261.0
120602,YNDX,2016-10-28,1270.0,1270.0
120603,YNDX,2016-10-31,1278.0,1256.0
120604,YNDX,2016-11-01,1259.5,1243.5
120605,YNDX,2016-11-02,1243.0,1212.0
120606,YNDX,2016-11-03,1210.0,1190.0
120607,YNDX,2016-11-07,1203.0,1196.0
120608,YNDX,2016-11-08,1208.5,1197.0
120609,YNDX,2016-11-09,1175.5,1234.0
120610,YNDX,2016-11-10,1244.0,1240.5
120611,YNDX,2016-11-11,1252.5,1225.0
120612,YNDX,2016-11-14,1230.0,1195.0
120613,YNDX,2016-11-15,1195.0,1170.0
120614,YNDX,2016-11-16,1172.0,1164.0
120615,YNDX,2016-11-17,1151.5,1150.0
120616,YNDX,2016-11-18,1159.0,1203.5
120617,YNDX,2016-11-21,1196.0,1201.0
120618,YNDX,2016-11-22,1199.5,1177.0
120619,YNDX,2016-11-23,1205.0,1228.0
120620,YNDX,2016-11-24,1230.0,1228.5
120621,YNDX,2016-11-25,1233.0,1221.5
120622,YNDX,2016-11-28,1225.0,1213.0
120623,YNDX,2016-11-29,1204.5,1215.0
120624,YNDX,2016-11-30,1216.0,1201.5
120625,YNDX,2016-12-01,1212.0,1217.0
120626,YNDX,2016-12-02,1195.0,1197.5
120627,YNDX,2016-12-05,1184.5,1199.0
120628,YNDX,2016-12-06,1215.0,1231.0
120629,YNDX,2016-12-07,1234.5,1243.0
120630,YNDX,2016-12-08,1243.5,1252.0
120631,YNDX,2016-12-09,1262.0,1248.0
120632,YNDX,2016-12-12,1245.5,1239.0
120633,YNDX,2016-12-13,1242.5,1277.0
120634,YNDX,2016-12-14,1279.0,1282.5
120635,YNDX,2016-12-15,1285.5,1292.0
120636,YNDX,2016-12-16,1274.5,1263.0
120637,YNDX,2016-12-19,1269.0,1255.0
120638,YNDX,2016-12-20,1259.5,1267.0
120639,YNDX,2016-12-21,1272.0,1245.0
120640,YNDX,2016-12-22,1246.0,1246.0
120641,YNDX,2016-12-23,1256.0,1252.0
120642,YNDX,2016-12-26,1252.0,1245.0
120643,YNDX,2016-12-27,1251.0,1237.0
120644,YNDX,2016-12-28,1241.5,1228.0
120645,YNDX,2016-12-29,1239.0,1241.0
120646,YNDX,2016-12-30,1240.0,1247.5
120647,YNDX,2017-01-03,1254.0,1241.0
120648,YNDX,2017-01-04,1247.5,1239.0
120649,YNDX,2017-01-05,1246.5,1252.0
120650,YNDX,2017-01-06,1290.0,1291.0
120651,YNDX,2017-01-09,1295.0,1317.0
120652,YNDX,2017-01-10,1321.5,1319.5
120653,YNDX,2017-01-11,1304.0,1299.0
120654,YNDX,2017-01-12,1290.0,1271.5
120655,YNDX,2017-01-13,1272.0,1286.5
120656,YNDX,2017-01-16,1284.5,1305.0
120657,YNDX,2017-01-17,1293.0,1303.0
120658,YNDX,2017-01-18,1302.5,1299.0
120659,YNDX,2017-01-19,1304.5,1307.0
120660,YNDX,2017-01-20,1315.5,1315.0
120661,YNDX,2017-01-23,1310.0,1295.0
120662,YNDX,2017-01-24,1306.5,1349.0
120663,YNDX,2017-01-25,1354.0,1381.0
120664,YNDX,2017-01-26,1395.0,1411.0
120665,YNDX,2017-01-27,1411.5,1418.5
120666,YNDX,2017-01-30,1408.5,1370.0
120667,YNDX,2017-01-31,1375.0,1379.0
120668,YNDX,2017-02-01,1380.5,1384.0
120669,YNDX,2017-02-02,1391.0,1370.0
120670,YNDX,2017-02-03,1379.0,1387.0
120671,YNDX,2017-02-06,1387.0,1357.5
120672,YNDX,2017-02-07,1359.5,1382.0
120673,YNDX,2017-02-08,1367.5,1350.0
120674,YNDX,2017-02-09,1365.0,1356.5
120675,YNDX,2017-02-10,1369.0,1345.0
120676,YNDX,2017-02-13,1357.0,1335.0
120677,YNDX,2017-02-14,1334.0,1312.0
120678,YNDX,2017-02-15,1313.0,1316.0
120679,YNDX,2017-02-16,1334.0,1401.0
120680,YNDX,2017-02-17,1400.0,1425.0
120681,YNDX,2017-02-20,1431.0,1425.0
120682,YNDX,2017-02-21,1423.0,1395.0
120683,YNDX,2017-02-22,1397.0,1399.0
120684,YNDX,2017-02-24,1379.5,1368.5
120685,YNDX,2017-02-27,1371.0,1354.0
120686,YNDX,2017-02-28,1343.5,1330.0
120687,YNDX,2017-03-01,1320.0,1334.0
120688,YNDX,2017-03-02,1359.0,1358.5
120689,YNDX,2017-03-03,1358.5,1370.0
120690,YNDX,2017-03-06,1370.0,1359.0
120691,YNDX,2017-03-07,1365.5,1364.0
120692,YNDX,2017-03-09,1371.0,1359.5
120693,YNDX,2017-03-10,1353.5,1360.0
120694,YNDX,2017-03-13,1355.0,1366.5
120695,YNDX,2017-03-14,1378.5,1357.0
120696,YNDX,2017-03-15,1369.0,1341.0
120697,YNDX,2017-03-16,1351.5,1375.0
120698,YNDX,2017-03-17,1377.5,1354.0
120699,YNDX,2017-03-20,1359.0,1347.0
120700,YNDX,2017-03-21,1342.0,1311.0
120701,YNDX,2017-03-22,1292.0,1291.0
120702,YNDX,2017-03-23,1292.0,1288.0
120703,YNDX,2017-03-24,1290.0,1280.0
120704,YNDX,2017-03-27,1284.5,1261.0
120705,YNDX,2017-03-28,1262.0,1275.0
120706,YNDX,2017-03-29,1278.0,1262.0
120707,YNDX,2017-03-30,1262.5,1247.5
120708,YNDX,2017-03-31,1244.5,1245.5
120709,YNDX,2017-04-03,1232.0,1242.0
120710,YNDX,2017-04-04,1242.0,1239.0
120711,YNDX,2017-04-05,1237.5,1298.0
120712,YNDX,2017-04-06,1296.5,1289.0
120713,YNDX,2017-04-07,1281.5,1260.0
120714,YNDX,2017-04-10,1260.0,1249.5
120715,YNDX,2017-04-11,1230.0,1251.0
120716,YNDX,2017-04-12,1257.0,1284.0
120717,YNDX,2017-04-13,1298.0,1289.0
120718,YNDX,2017-04-14,1270.5,1268.5
120719,YNDX,2017-04-17,1266.5,1367.5
120720,YNDX,2017-04-18,1359.5,1336.5
120721,YNDX,2017-04-19,1337.5,1329.5
120722,YNDX,2017-04-20,1323.0,1328.0
120723,YNDX,2017-04-21,1328.0,1310.0
120724,YNDX,2017-04-24,1328.0,1317.0
120725,YNDX,2017-04-25,1315.0,1338.0
120726,YNDX,2017-04-26,1343.5,1404.0
120727,YNDX,2017-04-27,1410.0,1520.0
120728,YNDX,2017-04-28,1535.0,1534.5
120729,YNDX,2017-05-02,1560.0,1549.0
120730,YNDX,2017-05-03,1538.5,1528.0
120731,YNDX,2017-05-04,1548.5,1581.0
120732,YNDX,2017-05-05,1553.0,1570.0
120733,YNDX,2017-05-10,1577.0,1590.0
120734,YNDX,2017-05-11,1589.5,1562.5
120735,YNDX,2017-05-12,1575.0,1592.0
120736,YNDX,2017-05-15,1605.0,1619.0
120737,YNDX,2017-05-16,1619.0,1611.0
120738,YNDX,2017-05-17,1625.0,1608.0
120739,YNDX,2017-05-18,1589.5,1565.0
120740,YNDX,2017-05-19,1581.5,1614.5
120741,YNDX,2017-05-22,1618.0,1608.0
120742,YNDX,2017-05-23,1611.0,1611.5
120743,YNDX,2017-05-24,1618.5,1611.0
120744,YNDX,2017-05-25,1618.5,1584.0
120745,YNDX,2017-05-26,1588.0,1568.0
120746,YNDX,2017-05-29,1568.0,1573.5
120747,YNDX,2017-05-30,1565.0,1552.0
120748,YNDX,2017-05-31,1560.0,1505.0
120749,YNDX,2017-06-01,1504.5,1520.5
120750,YNDX,2017-06-02,1507.5,1478.0
120751,YNDX,2017-06-05,1493.0,1525.0
120752,YNDX,2017-06-06,1538.5,1524.5
120753,YNDX,2017-06-07,1539.5,1526.0
120754,YNDX,2017-06-08,1526.0,1521.5
120755,YNDX,2017-06-09,1523.5,1541.5
120756,YNDX,2017-06-13,1476.0,1480.0
120757,YNDX,2017-06-14,1490.5,1482.5
120758,YNDX,2017-06-15,1461.5,1495.5
120759,YNDX,2017-06-16,1503.0,1464.5
120760,YNDX,2017-06-19,1468.0,1541.0
120761,YNDX,2017-06-20,1549.0,1554.0
120762,YNDX,2017-06-21,1554.0,1585.0
120763,YNDX,2017-06-22,1595.0,1618.0
120764,YNDX,2017-06-23,1611.5,1616.5
120765,YNDX,2017-06-26,1629.5,1608.0
120766,YNDX,2017-06-27,1614.0,1582.5
120767,YNDX,2017-06-28,1582.5,1612.0
120768,YNDX,2017-06-29,1631.0,1588.0
120769,YNDX,2017-06-30,1588.0,1536.0
120770,YNDX,2017-07-03,1553.0,1560.0
120771,YNDX,2017-07-04,1547.0,1566.5
120772,YNDX,2017-07-05,1570.5,1558.5
120773,YNDX,2017-07-06,1569.5,1564.0
120774,YNDX,2017-07-07,1574.5,1578.5
120775,YNDX,2017-07-10,1581.5,1594.0
120776,YNDX,2017-07-11,1604.0,1612.0
120777,YNDX,2017-07-12,1613.0,1632.0
120778,YNDX,2017-07-13,1650.0,1898.5
120779,YNDX,2017-07-14,1907.0,1867.0
120780,YNDX,2017-07-17,1879.0,1866.0
120781,YNDX,2017-07-18,1865.5,1867.0
120782,YNDX,2017-07-19,1868.0,1849.0
120783,YNDX,2017-07-20,1841.0,1845.0
120784,YNDX,2017-07-21,1845.0,1856.0
120785,YNDX,2017-07-24,1862.0,1916.0
120786,YNDX,2017-07-25,1925.0,1906.0
120787,YNDX,2017-07-26,1903.0,1899.5
120788,YNDX,2017-07-27,1908.0,1888.5
120789,YNDX,2017-07-28,1838.0,1754.5
120790,YNDX,2017-07-31,1763.5,1743.0
120791,YNDX,2017-08-01,1758.0,1746.5
120792,YNDX,2017-08-02,1756.0,1719.0
120793,YNDX,2017-08-03,1710.0,1744.0
120794,YNDX,2017-08-04,1751.0,1770.5
120795,YNDX,2017-08-07,1774.5,1795.5
120796,YNDX,2017-08-08,1801.0,1792.5
120797,YNDX,2017-08-09,1782.0,1835.5
120798,YNDX,2017-08-10,1859.5,1786.0
120799,YNDX,2017-08-11,1774.0,1731.5
120800,YNDX,2017-08-14,1743.5,1765.5
120801,YNDX,2017-08-15,1790.5,1798.0
120802,YNDX,2017-08-16,1805.5,1818.0
120803,YNDX,2017-08-17,1821.5,1832.0
120804,YNDX,2017-08-18,1820.0,1785.0
120805,YNDX,2017-08-21,1775.5,1769.0
120806,YNDX,2017-08-22,1772.0,1756.0
120807,YNDX,2017-08-23,1766.0,1765.0
120808,YNDX,2017-08-24,1771.0,1768.0
120809,YNDX,2017-08-25,1785.0,1757.0
120810,YNDX,2017-08-28,1757.0,1725.5
120811,YNDX,2017-08-29,1732.0,1743.0
120812,YNDX,2017-08-30,1746.5,1728.5
120813,YNDX,2017-08-31,1738.0,1752.0
120814,YNDX,2017-09-01,1751.0,1820.0
120815,YNDX,2017-09-04,1817.5,1833.0
120816,YNDX,2017-09-05,1831.5,1863.0
120817,YNDX,2017-09-06,1861.5,1843.0
120818,YNDX,2017-09-07,1849.0,1820.0
120819,YNDX,2017-09-08,1858.0,1865.5
120820,YNDX,2017-09-11,1851.5,1867.0
120821,YNDX,2017-09-12,1875.0,1903.5
120822,YNDX,2017-09-13,1903.0,1876.0
120823,YNDX,2017-09-14,1879.5,1858.0
120824,YNDX,2017-09-15,1868.5,1895.0
120825,YNDX,2017-09-18,1902.5,1893.5
120826,YNDX,2017-09-19,1883.0,1872.5
120827,YNDX,2017-09-20,1880.0,1872.0
120828,YNDX,2017-09-21,1884.0,1872.0
120829,YNDX,2017-09-22,1872.0,1922.0
120830,YNDX,2017-09-25,1905.0,1853.0
120831,YNDX,2017-09-26,1853.5,1848.0
120832,YNDX,2017-09-27,1858.5,1867.0
120833,YNDX,2017-09-28,1876.5,1856.5
120834,YNDX,2017-09-29,1866.0,1873.0
120835,YNDX,2017-10-02,1882.5,1906.5
120836,YNDX,2017-10-03,1902.0,1961.0
120837,YNDX,2017-10-04,1951.0,1942.5
120838,YNDX,2017-10-05,1934.5,1925.0
120839,YNDX,2017-10-06,1939.5,1893.0
120840,YNDX,2017-10-09,1907.5,1920.0
120841,YNDX,2017-10-10,1904.0,1840.0
120842,YNDX,2017-10-11,1854.0,1855.5
120843,YNDX,2017-10-12,1850.0,1863.0
120844,YNDX,2017-10-13,1864.0,1858.0
120845,YNDX,2017-10-16,1848.0,1832.0
120846,YNDX,2017-10-17,1832.0,1833.0
120847,YNDX,2017-10-18,1832.5,1852.0
120848,YNDX,2017-10-19,1853.0,1839.5
120849,YNDX,2017-10-20,1830.0,1796.0
120850,YNDX,2017-10-23,1796.0,1799.0
120851,YNDX,2017-10-24,1787.0,1889.0
120852,YNDX,2017-10-25,1891.0,1855.0
120853,YNDX,2017-10-26,1859.0,1896.0
120854,YNDX,2017-10-27,1908.0,1921.0
120855,YNDX,2017-10-30,1918.5,1898.0
120856,YNDX,2017-10-31,1902.5,1950.0
120857,YNDX,2017-11-01,1950.0,1991.5
120858,YNDX,2017-11-02,1971.5,1932.0
120859,YNDX,2017-11-03,1957.0,1965.0
120860,YNDX,2017-11-07,1966.0,1950.5
120861,YNDX,2017-11-08,1945.0,1935.5
120862,YNDX,2017-11-09,1948.0,1890.0
120863,YNDX,2017-11-10,1887.0,1856.5
120864,YNDX,2017-11-13,1856.0,1860.0
120865,YNDX,2017-11-14,1869.5,1890.0
120866,YNDX,2017-11-15,1890.0,1873.0
120867,YNDX,2017-11-16,1889.0,1925.5
120868,YNDX,2017-11-17,1926.5,1949.5
120869,YNDX,2017-11-20,1964.5,2002.5
120870,YNDX,2017-11-21,1990.0,2038.0
120871,YNDX,2017-11-22,2030.0,1975.0
120872,YNDX,2017-11-23,1984.0,1987.5
120873,YNDX,2017-11-24,1988.0,2025.0
120874,YNDX,2017-11-27,2033.0,2017.0
120875,YNDX,2017-11-28,2019.0,1991.5
120876,YNDX,2017-11-29,2009.0,1957.0
120877,YNDX,2017-11-30,1945.0,1940.5
120878,YNDX,2017-12-01,1925.5,1931.5
120879,YNDX,2017-12-04,1932.0,1907.0
120880,YNDX,2017-12-05,1900.5,1899.0
120881,YNDX,2017-12-06,1899.0,1900.0
120882,YNDX,2017-12-07,1920.0,1949.5
120883,YNDX,2017-12-08,1949.5,1957.0
120884,YNDX,2017-12-11,1959.0,1997.5
120885,YNDX,2017-12-12,1985.5,1954.0
120886,YNDX,2017-12-13,1935.0,1938.0
120887,YNDX,2017-12-14,1938.0,1919.0
120888,YNDX,2017-12-15,1913.0,1895.0
120889,YNDX,2017-12-18,1895.5,1892.0
120890,YNDX,2017-12-19,1898.0,1902.0
120891,YNDX,2017-12-20,1898.5,1873.5
120892,YNDX,2017-12-21,1885.5,1884.0
120893,YNDX,2017-12-22,1862.5,1832.0
120894,YNDX,2017-12-25,1834.0,1847.0
120895,YNDX,2017-12-26,1851.5,1840.0
120896,YNDX,2017-12-27,1848.0,1865.0
120897,YNDX,2017-12-28,1867.5,1883.5
120898,YNDX,2017-12-29,1878.0,1894.0
120899,YNDX,2018-01-03,1920.0,1943.5
120900,YNDX,2018-01-04,1949.5,1978.0
120901,YNDX,2018-01-05,1965.0,1942.5
120902,YNDX,2018-01-09,1960.0,1963.0
120903,YNDX,2018-01-10,1969.0,1972.0
120904,YNDX,2018-01-11,1963.5,1963.0
120905,YNDX,2018-01-12,1955.0,1955.0
120906,YNDX,2018-01-15,1956.0,1970.0
120907,YNDX,2018-01-16,1964.0,1992.5
120908,YNDX,2018-01-17,1993.0,2035.0
120909,YNDX,2018-01-18,2051.5,2099.0
120910,YNDX,2018-01-19,2112.0,2098.5
120911,YNDX,2018-01-22,2098.0,2118.5
120912,YNDX,2018-01-23,2132.5,2145.0
120913,YNDX,2018-01-24,2150.0,2138.0
120914,YNDX,2018-01-25,2134.0,2134.0
120915,YNDX,2018-01-26,2137.0,2176.0
120916,YNDX,2018-01-29,2199.5,2197.5
120917,YNDX,2018-01-30,2176.0,2150.0
120918,YNDX,2018-01-31,2160.5,2179.0
120919,YNDX,2018-02-01,2172.0,2202.0
120920,YNDX,2018-02-02,2193.0,2150.0
120921,YNDX,2018-02-05,2140.5,2150.0
120922,YNDX,2018-02-06,2071.0,2054.5
120923,YNDX,2018-02-07,2106.0,2140.5
120924,YNDX,2018-02-08,2126.5,2159.0
120925,YNDX,2018-02-09,2090.0,2086.5
120926,YNDX,2018-02-12,2109.0,2127.0
120927,YNDX,2018-02-13,2119.5,2135.0
120928,YNDX,2018-02-14,2155.0,2200.0
120929,YNDX,2018-02-15,2230.5,2283.5
120930,YNDX,2018-02-16,2341.0,2371.5
120931,YNDX,2018-02-19,2367.5,2416.5
120932,YNDX,2018-02-20,2420.0,2413.0
120933,YNDX,2018-02-21,2429.5,2473.5
120934,YNDX,2018-02-22,2469.5,2435.5
120935,YNDX,2018-02-26,2449.0,2383.0
120936,YNDX,2018-02-27,2362.0,2386.0
120937,YNDX,2018-02-28,2362.5,2343.5
120938,YNDX,2018-03-01,2329.5,2310.0
120939,YNDX,2018-03-02,2307.0,2280.5
120940,YNDX,2018-03-05,2316.0,2347.5
120941,YNDX,2018-03-06,2377.0,2389.5
120942,YNDX,2018-03-07,2399.0,2427.5
120943,YNDX,2018-03-09,2474.0,2469.0
120944,YNDX,2018-03-12,2465.0,2450.0
120945,YNDX,2018-03-13,2449.0,2415.0
120946,YNDX,2018-03-14,2424.5,2430.5
120947,YNDX,2018-03-15,2444.0,2446.0
120948,YNDX,2018-03-16,2440.5,2436.0
120949,YNDX,2018-03-19,2435.0,2426.0
120950,YNDX,2018-03-20,2428.0,2463.0
120951,YNDX,2018-03-21,2478.5,2497.5
120952,YNDX,2018-03-22,2481.0,2385.0
120953,YNDX,2018-03-23,2390.0,2385.5
120954,YNDX,2018-03-26,2375.5,2344.0
120955,YNDX,2018-03-27,2369.5,2364.0
120956,YNDX,2018-03-28,2339.5,2265.0
120957,YNDX,2018-03-29,2282.0,2314.0
120958,YNDX,2018-03-30,2288.5,2287.0
120959,YNDX,2018-04-02,2290.0,2253.0
120960,YNDX,2018-04-03,2250.0,2263.0
120961,YNDX,2018-04-04,2255.0,2249.5
120962,YNDX,2018-04-05,2265.0,2315.0
120963,YNDX,2018-04-06,2311.0,2312.0
120964,YNDX,2018-04-09,2308.5,2124.0
120965,YNDX,2018-04-10,2091.0,2174.5
120966,YNDX,2018-04-11,2165.5,2240.0
120967,YNDX,2018-04-12,2218.0,2161.5
120968,YNDX,2018-04-13,2139.5,2083.5
120969,YNDX,2018-04-16,2052.0,2020.5
120970,YNDX,2018-04-17,2147.5,2103.5
120971,YNDX,2018-04-18,2080.0,2142.0
120972,YNDX,2018-04-19,2160.0,2096.5
120973,YNDX,2018-04-20,2104.0,2084.5
120974,YNDX,2018-04-23,2090.0,2140.5
120975,YNDX,2018-04-24,2142.0,2105.5
120976,YNDX,2018-04-25,2098.5,2025.0
120977,YNDX,2018-04-26,2056.0,2061.0
120978,YNDX,2018-04-27,2070.5,2015.5
120979,YNDX,2018-04-28,2034.5,2030.0
120980,YNDX,2018-04-30,2035.5,2097.5
120981,YNDX,2018-05-02,2106.5,2215.0
120982,YNDX,2018-05-03,2203.0,2128.0
120983,YNDX,2018-05-04,2148.5,2107.0
120984,YNDX,2018-05-07,2118.0,2152.5
120985,YNDX,2018-05-08,2152.5,2127.5
120986,YNDX,2018-05-10,2145.5,2190.0
120987,YNDX,2018-05-11,2186.0,2201.0
120988,YNDX,2018-05-14,2192.0,2186.0
120989,YNDX,2018-05-15,2172.0,2118.5
120990,YNDX,2018-05-16,2119.0,2114.0
120991,YNDX,2018-05-17,2112.5,2131.0
120992,YNDX,2018-05-18,2120.5,2119.5
120993,YNDX,2018-05-21,2123.0,2142.0
120994,YNDX,2018-05-22,2148.5,2122.5
120995,YNDX,2018-05-23,2100.5,2086.5
120996,YNDX,2018-05-24,2103.5,2094.0
120997,YNDX,2018-05-25,2084.5,2089.0
120998,YNDX,2018-05-28,2089.0,2102.5
120999,YNDX,2018-05-29,2102.0,2079.0
121000,YNDX,2018-05-30,2059.5,2072.0
121001,YNDX,2018-05-31,2072.0,2076.5
121002,YNDX,2018-06-01,2090.0,2137.0
121003,YNDX,2018-06-04,2137.0,2163.5
121004,YNDX,2018-06-05,2188.5,2213.0
121005,YNDX,2018-06-06,2216.0,2214.0
121006,YNDX,2018-06-07,2233.5,2175.0
121007,YNDX,2018-06-08,2159.5,2144.0
121008,YNDX,2018-06-09,2150.5,2159.0
121009,YNDX,2018-06-11,2164.0,2192.5
121010,YNDX,2018-06-13,2252.5,2290.5
121011,YNDX,2018-06-14,2287.0,2292.0
121012,YNDX,2018-06-15,2300.0,2268.0
121013,YNDX,2018-06-18,2268.5,2287.0
121014,YNDX,2018-06-19,2311.5,2295.0
121015,YNDX,2018-06-20,2291.0,2301.5
121016,YNDX,2018-06-21,2308.0,2270.5
121017,YNDX,2018-06-22,2268.5,2220.0
121018,YNDX,2018-06-25,2225.5,2177.0
121019,YNDX,2018-06-26,2179.5,2185.0
121020,YNDX,2018-06-27,2197.5,2227.5
121021,YNDX,2018-06-28,2204.5,2193.5
121022,YNDX,2018-06-29,2206.0,2244.0
121023,YNDX,2018-07-02,2238.5,2257.5
121024,YNDX,2018-07-03,2280.0,2240.5
121025,YNDX,2018-07-04,2243.0,2236.0
121026,YNDX,2018-07-05,2231.0,2226.0
121027,YNDX,2018-07-06,2266.5,2315.0
121028,YNDX,2018-07-09,2322.0,2316.5
121029,YNDX,2018-07-10,2331.5,2302.5
121030,YNDX,2018-07-11,2291.0,2303.0
121031,YNDX,2018-07-12,2290.5,2345.0
121032,YNDX,2018-07-13,2378.0,2390.0
121033,YNDX,2018-07-16,2382.0,2333.0
121034,YNDX,2018-07-17,2333.0,2420.0
121035,YNDX,2018-07-18,2419.5,2398.5
121036,YNDX,2018-07-19,2390.5,2364.5
121037,YNDX,2018-07-20,2341.0,2329.5
121038,YNDX,2018-07-23,2338.5,2333.0
121039,YNDX,2018-07-24,2345.0,2377.0
121040,YNDX,2018-07-25,2363.0,2391.5
121041,YNDX,2018-07-26,2410.5,2430.0
121042,YNDX,2018-07-27,2384.5,2388.0
121043,YNDX,2018-07-30,2348.5,2242.5
121044,YNDX,2018-07-31,2240.0,2250.0
121045,YNDX,2018-08-01,2257.5,2272.0
121046,YNDX,2018-08-02,2266.0,2237.0
121047,YNDX,2018-08-03,2260.5,2252.5
121048,YNDX,2018-08-06,2255.0,2230.5
121049,YNDX,2018-08-07,2240.0,2272.5
121050,YNDX,2018-08-08,2255.5,2185.0
121051,YNDX,2018-08-09,2141.0,2132.0
121052,YNDX,2018-08-10,2133.5,2128.0
121053,YNDX,2018-08-13,2134.5,2152.5
121054,YNDX,2018-08-14,2167.5,2150.0
121055,YNDX,2018-08-15,2135.0,2091.0
121056,YNDX,2018-08-16,2102.5,2123.5
121057,YNDX,2018-08-17,2123.5,2099.0
121058,YNDX,2018-08-20,2108.0,2133.5
121059,YNDX,2018-08-21,2134.0,2164.0
121060,YNDX,2018-08-22,2163.0,2137.0
121061,YNDX,2018-08-23,2145.0,2120.0
121062,YNDX,2018-08-24,2120.0,2115.0
121063,YNDX,2018-08-27,2142.0,2151.0
121064,YNDX,2018-08-28,2159.0,2153.5
121065,YNDX,2018-08-29,2154.0,2168.5
121066,YNDX,2018-08-30,2170.0,2142.0
121067,YNDX,2018-08-31,2132.0,2150.0
121068,YNDX,2018-09-03,2159.0,2179.5
121069,YNDX,2018-09-04,2183.5,2168.0
121070,YNDX,2018-09-05,2170.0,2125.0
121071,YNDX,2018-09-06,2122.5,2105.5
121072,YNDX,2018-09-07,2080.0,2098.5
121073,YNDX,2018-09-10,2108.0,2111.5
121074,YNDX,2018-09-11,2123.5,2094.5
121075,YNDX,2018-09-12,2095.0,2066.5
121076,YNDX,2018-09-13,2071.0,2132.0
121077,YNDX,2018-09-14,2144.0,2187.0
121078,YNDX,2018-09-17,2194.0,2148.0
121079,YNDX,2018-09-18,2129.5,2144.5
121080,YNDX,2018-09-19,2146.5,2145.0
121081,YNDX,2018-09-20,2152.5,2174.5
121082,YNDX,2018-09-21,2185.0,2204.0
121083,YNDX,2018-09-24,2199.5,2193.5
121084,YNDX,2018-09-25,2196.0,2213.0
121085,YNDX,2018-09-26,2213.0,2216.0
121086,YNDX,2018-09-27,2193.0,2185.0
121087,YNDX,2018-09-28,2187.0,2160.5
121088,YNDX,2018-10-01,2168.0,2134.0
121089,YNDX,2018-10-02,2136.0,2136.5
121090,YNDX,2018-10-03,2143.5,2172.5
121091,YNDX,2018-10-04,2181.0,2157.5
121092,YNDX,2018-10-05,2151.0,2143.0
121093,YNDX,2018-10-08,2153.0,2170.5
121094,YNDX,2018-10-09,2198.0,2220.0
121095,YNDX,2018-10-10,2215.5,2146.0
121096,YNDX,2018-10-11,2119.0,2118.0
121097,YNDX,2018-10-12,2130.5,2140.0
121098,YNDX,2018-10-15,2152.0,2178.0
121099,YNDX,2018-10-16,2178.0,2307.0
121100,YNDX,2018-10-17,2309.0,2310.0
121101,YNDX,2018-10-18,2322.0,2235.0
121102,YNDX,2018-10-19,2012.0,1790.0
121103,YNDX,2018-10-22,1830.5,1755.0
121104,YNDX,2018-10-23,1765.0,1760.0
121105,YNDX,2018-10-24,1769.5,1781.0
121106,YNDX,2018-10-25,1749.0,1777.0
121107,YNDX,2018-10-26,1770.5,1761.5
121108,YNDX,2018-10-29,1776.5,1859.5
121109,YNDX,2018-10-30,1829.0,1843.0
121110,YNDX,2018-10-31,1875.5,1916.5
121111,YNDX,2018-11-01,1964.0,1999.0
121112,YNDX,2018-11-02,2007.0,1995.0
121113,YNDX,2018-11-06,2001.0,2002.0
121114,YNDX,2018-11-07,1999.5,1995.0
121115,YNDX,2018-11-08,1986.0,1982.0
121116,YNDX,2018-11-09,1954.5,1921.5
121117,YNDX,2018-11-12,1929.0,1886.0
121118,YNDX,2018-11-13,1883.5,1903.5
121119,YNDX,2018-11-14,1907.0,1940.0
121120,YNDX,2018-11-15,1949.0,1920.0
121121,YNDX,2018-11-16,1933.5,1916.0
121122,YNDX,2018-11-19,1927.0,1924.5
121123,YNDX,2018-11-20,1914.5,1902.0
121124,YNDX,2018-11-21,1877.5,1909.0
121125,YNDX,2018-11-22,1924.0,1921.0
121126,YNDX,2018-11-23,1916.0,1898.5
121127,YNDX,2018-11-26,1894.0,1920.0
121128,YNDX,2018-11-27,1924.0,1945.0
121129,YNDX,2018-11-28,1950.0,1945.5
121130,YNDX,2018-11-29,1977.0,1967.5
121131,YNDX,2018-11-30,1950.0,1965.0
121132,YNDX,2018-12-03,1975.0,1989.0
121133,YNDX,2018-12-04,1990.5,1957.5
121134,YNDX,2018-12-05,1949.0,1955.0
121135,YNDX,2018-12-06,1936.0,1914.0
121136,YNDX,2018-12-07,1913.5,1912.5
121137,YNDX,2018-12-10,1908.0,1903.0
121138,YNDX,2018-12-11,1890.0,1869.5
121139,YNDX,2018-12-12,1847.5,1871.5
121140,YNDX,2018-12-13,1900.0,1888.0
121141,YNDX,2018-12-14,1867.5,1860.5
121142,YNDX,2018-12-17,1868.5,1869.0
121143,YNDX,2018-12-18,1849.5,1856.0
121144,YNDX,2018-12-19,1850.0,1894.0
121145,YNDX,2018-12-20,1848.0,1864.0
121146,YNDX,2018-12-21,1860.0,1860.5
121147,YNDX,2018-12-24,1848.0,1840.5
121148,YNDX,2018-12-25,1839.5,1828.0
121149,YNDX,2018-12-26,1830.0,1832.0
121150,YNDX,2018-12-27,1872.0,1880.0
121151,YNDX,2018-12-28,1894.5,1916.0
121152,YNDX,2018-12-29,1929.0,1926.0
121153,YNDX,2019-01-03,1916.5,1859.5
121154,YNDX,2019-01-04,1862.5,1916.0
121155,YNDX,2019-01-08,1934.0,1926.5
121156,YNDX,2019-01-09,1936.5,1960.0
121157,YNDX,2019-01-10,1971.0,1985.0
121158,YNDX,2019-01-11,1983.0,1983.0
121159,YNDX,2019-01-14,1985.0,1992.5
121160,YNDX,2019-01-15,1993.5,1999.5
121161,YNDX,2019-01-16,1995.0,1980.0
121162,YNDX,2019-01-17,1979.5,1993.5
121163,YNDX,2019-01-18,2025.0,2044.5
121164,YNDX,2019-01-21,2048.5,2044.5
121165,YNDX,2019-01-22,2039.5,2051.0
121166,YNDX,2019-01-23,2040.0,2060.0
121167,YNDX,2019-01-24,2057.0,2083.0
121168,YNDX,2019-01-25,2099.5,2152.0
121169,YNDX,2019-01-28,2169.5,2167.0
121170,YNDX,2019-01-29,2166.0,2152.0
121171,YNDX,2019-01-30,2145.0,2157.0
121172,YNDX,2019-01-31,2181.0,2212.0
121173,YNDX,2019-02-01,2199.6,2197.2
121174,YNDX,2019-02-04,2195.0,2212.0
121175,YNDX,2019-02-05,2215.6,2250.8
121176,YNDX,2019-02-06,2261.0,2244.0
121177,YNDX,2019-02-07,2230.0,2192.2
121178,YNDX,2019-02-08,2185.0,2163.4
121179,YNDX,2019-02-11,2173.8,2196.0
121180,YNDX,2019-02-12,2206.0,2230.0
121181,YNDX,2019-02-13,2233.0,2258.0
121182,YNDX,2019-02-14,2229.0,2264.0
121183,YNDX,2019-02-15,2289.8,2200.2
121184,YNDX,2019-02-18,2137.6,2161.0
121185,YNDX,2019-02-19,2169.8,2126.6
121186,YNDX,2019-02-20,2161.6,2166.2
121187,YNDX,2019-02-21,2166.4,2115.0
121188,YNDX,2019-02-22,2108.0,2133.0
121189,YNDX,2019-02-25,2182.0,2214.6
121190,YNDX,2019-02-26,2195.0,2169.6
121191,YNDX,2019-02-27,2177.8,2163.0
121192,YNDX,2019-02-28,2164.0,2208.0
121193,YNDX,2019-03-01,2235.6,2247.4
121194,YNDX,2019-03-04,2260.2,2303.6
121195,YNDX,2019-03-05,2290.6,2340.2
121196,YNDX,2019-03-06,2358.0,2362.0
121197,YNDX,2019-03-07,2363.0,2329.2
121198,YNDX,2019-03-11,2329.2,2346.4
121199,YNDX,2019-03-12,2369.0,2355.0
121200,YNDX,2019-03-13,2346.2,2345.0
121201,YNDX,2019-03-14,2344.6,2303.4
121202,YNDX,2019-03-15,2326.6,2352.8
121203,YNDX,2019-03-18,2354.8,2306.0
121204,YNDX,2019-03-19,2323.8,2318.8
121205,YNDX,2019-03-20,2318.8,2301.4
121206,YNDX,2019-03-21,2298.0,2274.0
121207,YNDX,2019-03-22,2291.0,2276.4
121208,YNDX,2019-03-25,2273.8,2293.8
121209,YNDX,2019-03-26,2297.0,2315.8
121210,YNDX,2019-03-27,2306.8,2268.0
121211,YNDX,2019-03-28,2270.0,2317.8
121212,YNDX,2019-03-29,2320.4,2293.6
121213,YNDX,2019-04-01,2289.0,2243.4
121214,YNDX,2019-04-02,2237.6,2249.0
121215,YNDX,2019-04-03,2271.6,2268.2
121216,YNDX,2019-04-04,2265.0,2280.8
121217,YNDX,2019-04-05,2279.6,2298.0
121218,YNDX,2019-04-08,2299.2,2301.6
121219,YNDX,2019-04-09,2310.8,2346.0
121220,YNDX,2019-04-10,2339.8,2350.8
121221,YNDX,2019-04-11,2374.0,2434.0
121222,YNDX,2019-04-12,2440.0,2435.2
121223,YNDX,2019-04-15,2484.4,2453.0
121224,YNDX,2019-04-16,2476.4,2499.8
121225,YNDX,2019-04-17,2499.0,2451.0
121226,YNDX,2019-04-18,2448.2,2383.2
121227,YNDX,2019-04-19,2394.6,2415.2
121228,YNDX,2019-04-22,2417.4,2400.0
121229,YNDX,2019-04-23,2399.8,2412.8
121230,YNDX,2019-04-24,2415.2,2410.6
121231,YNDX,2019-04-25,2424.0,2407.6
121232,YNDX,2019-04-26,2407.4,2389.0
121233,YNDX,2019-04-29,2387.0,2406.0
121234,YNDX,2019-04-30,2406.0,2391.0
121235,YNDX,2019-05-02,2445.0,2413.0
121236,YNDX,2019-05-03,2405.6,2414.0
121237,YNDX,2019-05-06,2398.2,2407.0
121238,YNDX,2019-05-07,2406.8,2388.6
121239,YNDX,2019-05-08,2388.6,2379.0
121240,YNDX,2019-05-10,2374.8,2340.0
121241,YNDX,2019-05-13,2349.8,2286.6
121242,YNDX,2019-05-14,2291.0,2299.0
121243,YNDX,2019-05-15,2301.2,2312.0
121244,YNDX,2019-05-16,2329.2,2392.0
121245,YNDX,2019-05-17,2395.8,2425.0
121246,YNDX,2019-05-20,2447.6,2407.8
121247,YNDX,2019-05-21,2398.0,2392.4
121248,YNDX,2019-05-22,2400.0,2424.8
121249,YNDX,2019-05-23,2406.6,2365.0
121250,YNDX,2019-05-24,2365.4,2383.4
121251,YNDX,2019-05-27,2393.4,2404.6
121252,YNDX,2019-05-28,2405.0,2280.2
121253,YNDX,2019-05-29,2300.0,2350.2
121254,YNDX,2019-05-30,2357.0,2379.6
121255,YNDX,2019-05-31,2360.0,2336.6
121256,YNDX,2019-06-03,2333.0,2319.0
121257,YNDX,2019-06-04,2318.4,2341.0
121258,YNDX,2019-06-05,2353.2,2361.0
121259,YNDX,2019-06-06,2365.0,2389.0
121260,YNDX,2019-06-07,2404.0,2418.6
121261,YNDX,2019-06-10,2422.0,2435.0
121262,YNDX,2019-06-11,2438.2,2494.8
121263,YNDX,2019-06-13,2485.6,2492.0
121264,YNDX,2019-06-14,2489.0,2465.0
121265,YNDX,2019-06-17,2459.8,2455.8
121266,YNDX,2019-06-18,2457.0,2480.2
121267,YNDX,2019-06-19,2488.4,2470.2
121268,YNDX,2019-06-20,2485.4,2492.8
121269,YNDX,2019-06-21,2487.6,2468.4
121270,YNDX,2019-06-24,2465.4,2452.6
121271,YNDX,2019-06-25,2446.8,2424.6
121272,YNDX,2019-06-26,2398.4,2391.6
121273,YNDX,2019-06-27,2390.4,2410.0
121274,YNDX,2019-06-28,2436.2,2405.4
121275,YNDX,2019-07-01,2424.0,2482.4
121276,YNDX,2019-07-02,2481.8,2491.2
121277,YNDX,2019-07-03,2502.6,2505.4
121278,YNDX,2019-07-04,2497.0,2494.8
121279,YNDX,2019-07-05,2493.6,2481.4
121280,YNDX,2019-07-08,2488.6,2465.0
121281,YNDX,2019-07-09,2456.2,2478.0
121282,YNDX,2019-07-10,2495.0,2500.2
121283,YNDX,2019-07-11,2508.6,2495.0
121284,YNDX,2019-07-12,2509.4,2573.0
121285,YNDX,2019-07-15,2568.4,2546.4
121286,YNDX,2019-07-16,2539.8,2542.6
121287,YNDX,2019-07-17,2550.0,2509.2
121288,YNDX,2019-07-18,2498.0,2489.8
121289,YNDX,2019-07-19,2506.0,2518.0
121290,YNDX,2019-07-22,2491.0,2486.0
121291,YNDX,2019-07-23,2495.8,2482.8
121292,YNDX,2019-07-24,2497.2,2507.0
121293,YNDX,2019-07-25,2524.0,2461.6
121294,YNDX,2019-07-26,2456.0,2520.0
121295,YNDX,2019-07-29,2438.6,2441.0
121296,YNDX,2019-07-30,2486.6,2480.4
121297,YNDX,2019-07-31,2481.4,2490.0
121298,YNDX,2019-08-01,2488.6,2550.6
121299,YNDX,2019-08-02,2489.8,2470.0
121300,YNDX,2019-08-05,2449.0,2369.6
121301,YNDX,2019-08-06,2380.0,2413.0
121302,YNDX,2019-08-07,2420.0,2428.8
121303,YNDX,2019-08-08,2417.2,2413.2
121304,YNDX,2019-08-09,2420.4,2405.0
121305,YNDX,2019-08-12,2411.6,2410.0
121306,YNDX,2019-08-13,2384.6,2428.0
121307,YNDX,2019-08-14,2440.0,2374.0
121308,YNDX,2019-08-15,2390.0,2365.4
121309,YNDX,2019-08-16,2375.0,2394.0
121310,YNDX,2019-08-19,2420.4,2424.0
121311,YNDX,2019-08-20,2437.0,2438.4
121312,YNDX,2019-08-21,2435.0,2421.2
121313,YNDX,2019-08-22,2412.0,2399.0
121314,YNDX,2019-08-23,2404.0,2391.0
121315,YNDX,2019-08-26,2379.8,2394.4
121316,YNDX,2019-08-27,2394.0,2429.8
121317,YNDX,2019-08-28,2431.0,2434.0
121318,YNDX,2019-08-29,2423.0,2441.0
121319,YNDX,2019-08-30,2443.4,2462.8
121320,YNDX,2019-09-02,2464.8,2469.8
121321,YNDX,2019-09-03,2473.4,2487.0
121322,YNDX,2019-09-04,2486.8,2487.0
121323,YNDX,2019-09-05,2500.6,2509.2
121324,YNDX,2019-09-06,2515.0,2503.6
121325,YNDX,2019-09-09,2508.8,2466.0
121326,YNDX,2019-09-10,2464.0,2450.2
121327,YNDX,2019-09-11,2456.4,2466.2
121328,YNDX,2019-09-12,2466.8,2457.0
121329,YNDX,2019-09-13,2455.0,2453.0
121330,YNDX,2019-09-16,2449.0,2447.6
121331,YNDX,2019-09-17,2447.8,2438.4
121332,YNDX,2019-09-18,2439.2,2432.0
121333,YNDX,2019-09-19,2419.8,2407.4
121334,YNDX,2019-09-20,2409.6,2350.2
121335,YNDX,2019-09-23,2343.8,2342.2
121336,YNDX,2019-09-24,2304.8,2301.4
121337,YNDX,2019-09-25,2309.8,2322.4
121338,YNDX,2019-09-26,2332.0,2319.6
121339,YNDX,2019-09-27,2323.8,2315.8
121340,YNDX,2019-09-30,2310.0,2263.4
121341,YNDX,2019-10-01,2274.6,2287.0
121342,YNDX,2019-10-02,2284.0,2250.0
121343,YNDX,2019-10-03,2234.2,2265.0
121344,YNDX,2019-10-04,2280.2,2274.4
121345,YNDX,2019-10-07,2271.4,2284.2
121346,YNDX,2019-10-08,2295.8,2295.2
121347,YNDX,2019-10-09,2306.0,2312.0
121348,YNDX,2019-10-10,2315.0,2327.0
121349,YNDX,2019-10-11,2314.8,1898.0
121350,YNDX,2019-10-14,1936.0,1975.6
121351,YNDX,2019-10-15,1970.2,1986.6
121352,YNDX,2019-10-16,1974.8,1957.2
121353,YNDX,2019-10-17,1949.4,1927.0
121354,YNDX,2019-10-18,1929.6,1934.0
121355,YNDX,2019-10-21,2043.2,2061.0
121356,YNDX,2019-10-22,2092.4,2054.6
121357,YNDX,2019-10-23,2054.6,2046.6
121358,YNDX,2019-10-24,2049.0,2090.2
121359,YNDX,2019-10-25,2100.0,2064.0
121360,YNDX,2019-10-28,2073.4,2118.4
121361,YNDX,2019-10-29,2138.8,2134.4
121362,YNDX,2019-10-30,2142.2,2156.0
121363,YNDX,2019-10-31,2155.0,2125.8
121364,YNDX,2019-11-01,2135.6,2138.0
121365,YNDX,2019-11-05,2162.8,2171.4
121366,YNDX,2019-11-06,2177.2,2191.0
121367,YNDX,2019-11-07,2184.2,2187.8
121368,YNDX,2019-11-08,2176.0,2184.8
121369,YNDX,2019-11-11,2185.0,2179.6
121370,YNDX,2019-11-12,2183.8,2184.0
121371,YNDX,2019-11-13,2173.8,2173.8
121372,YNDX,2019-11-14,2180.0,2186.4
121373,YNDX,2019-11-15,2202.0,2267.0
121374,YNDX,2019-11-18,2375.0,2525.2
121375,YNDX,2019-11-19,2545.4,2510.0
121376,YNDX,2019-11-20,2495.0,2514.4
121377,YNDX,2019-11-21,2538.4,2549.0
121378,YNDX,2019-11-22,2542.6,2566.2
121379,YNDX,2019-11-25,2572.8,2629.0
121380,YNDX,2019-11-26,2624.6,2635.8
121381,YNDX,2019-11-27,2644.2,2668.0
121382,YNDX,2019-11-28,2668.0,2624.6
121383,YNDX,2019-11-29,2621.8,2693.0
121384,YNDX,2019-12-02,2695.0,2620.6
121385,YNDX,2019-12-03,2633.8,2599.0
121386,YNDX,2019-12-04,2601.0,2607.4
121387,YNDX,2019-12-05,2601.0,2568.4
121388,YNDX,2019-12-06,2570.0,2570.4
121389,YNDX,2019-12-09,2575.0,2584.0
121390,YNDX,2019-12-10,2575.8,2588.0
121391,YNDX,2019-12-11,2576.4,2595.0
121392,YNDX,2019-12-12,2611.2,2628.0
121393,YNDX,2019-12-13,2628.0,2662.8
121394,YNDX,2019-12-16,2700.4,2690.0
121395,YNDX,2019-12-17,2675.8,2660.0
121396,YNDX,2019-12-18,2634.4,2625.0
121397,YNDX,2019-12-19,2625.0,2623.2
121398,YNDX,2019-12-20,2653.0,2680.0
121399,YNDX,2019-12-23,2683.6,2699.8
121400,YNDX,2019-12-24,2704.6,2688.0
121401,YNDX,2019-12-25,2689.6,2687.0
121402,YNDX,2019-12-26,2688.2,2713.0
121403,YNDX,2019-12-27,2713.8,2736.0
121404,YNDX,2019-12-30,2735.6,2697.0
121405,YNDX,2020-01-03,2712.2,2685.0
121406,YNDX,2020-01-06,2682.2,2672.0
121407,YNDX,2020-01-08,2663.8,2677.0
121408,YNDX,2020-01-09,2685.0,2728.4
121409,YNDX,2020-01-10,2728.6,2725.0
121410,YNDX,2020-01-13,2713.4,2703.4
121411,YNDX,2020-01-14,2719.0,2685.0
121412,YNDX,2020-01-15,2677.0,2690.0
121413,YNDX,2020-01-16,2678.2,2719.8
121414,YNDX,2020-01-17,2732.2,2772.8
121415,YNDX,2020-01-20,2790.0,2800.0
121416,YNDX,2020-01-21,2799.6,2770.0
121417,YNDX,2020-01-22,2783.2,2790.0
121418,YNDX,2020-01-23,2791.0,2820.2
121419,YNDX,2020-01-24,2798.0,2798.0
121420,YNDX,2020-01-27,2789.2,2780.0
121421,YNDX,2020-01-28,2785.2,2799.8
121422,YNDX,2020-01-29,2812.4,2890.0
121423,YNDX,2020-01-30,2880.0,2888.0
121424,YNDX,2020-01-31,2895.0,2873.4
121425,YNDX,2020-02-03,2856.8,2880.6
121426,YNDX,2020-02-04,2911.8,2990.0
121427,YNDX,2020-02-05,3010.6,3008.2
121428,YNDX,2020-02-06,3030.0,3048.2
121429,YNDX,2020-02-07,3058.6,3103.8
121430,YNDX,2020-02-10,3104.6,3087.2
121431,YNDX,2020-02-11,3100.0,3085.0
121432,YNDX,2020-02-12,3081.0,3037.2
121433,YNDX,2020-02-13,3066.6,3087.4
121434,YNDX,2020-02-14,3119.8,3011.0
121435,YNDX,2020-02-17,2980.4,2983.6
121436,YNDX,2020-02-18,2990.0,2937.0
121437,YNDX,2020-02-19,2921.4,2953.0
121438,YNDX,2020-02-20,2945.0,2988.4
121439,YNDX,2020-02-21,2975.0,2911.8
121440,YNDX,2020-02-25,2799.8,2681.8
121441,YNDX,2020-02-26,2661.2,2690.8
121442,YNDX,2020-02-27,2665.0,2678.2
121443,YNDX,2020-02-28,2624.8,2659.8
121444,YNDX,2020-03-02,2732.8,2721.4
121445,YNDX,2020-03-03,2744.0,2723.0
121446,YNDX,2020-03-04,2680.0,2654.2
121447,YNDX,2020-03-05,2743.0,2728.2
121448,YNDX,2020-03-06,2700.8,2685.0
121449,YNDX,2020-03-10,2520.0,2590.0
121450,YNDX,2020-03-11,2619.6,2615.0
121451,YNDX,2020-03-12,2559.8,2460.0
121452,YNDX,2020-03-13,2439.8,2470.0
121453,YNDX,2020-03-16,2459.6,2370.0
121454,YNDX,2020-03-17,2320.0,2425.0
121455,YNDX,2020-03-18,2357.0,2318.8
121456,YNDX,2020-03-19,2345.4,2434.0
121457,YNDX,2020-03-20,2484.0,2455.2
121458,YNDX,2020-03-23,2376.8,2299.8
121459,YNDX,2020-03-24,2365.0,2459.0
121460,YNDX,2020-03-25,2549.8,2555.8
121461,YNDX,2020-03-26,2587.8,2610.0
121462,YNDX,2020-03-27,2649.8,2597.0
121463,YNDX,2020-03-30,2589.6,2670.2
121464,YNDX,2020-03-31,2700.0,2714.4
121465,YNDX,2020-04-01,2653.0,2605.8
121466,YNDX,2020-04-02,2621.0,2550.8
121467,YNDX,2020-04-03,2540.2,2520.0
121468,YNDX,2020-04-06,2566.0,2582.0
121469,YNDX,2020-04-07,2607.0,2668.0
121470,YNDX,2020-04-08,2622.0,2742.6
121471,YNDX,2020-04-09,2722.8,2697.2
121472,YNDX,2020-04-10,2705.0,2701.0
121473,YNDX,2020-04-13,2667.8,2659.0
121474,YNDX,2020-04-14,2697.8,2755.6
121475,YNDX,2020-04-15,2717.6,2588.2
121476,YNDX,2020-04-16,2606.8,2637.8
121477,YNDX,2020-04-17,2655.6,2630.4
121478,YNDX,2020-04-20,2664.0,2736.4
121479,YNDX,2020-04-21,2681.8,2659.2
121480,YNDX,2020-04-22,2650.0,2655.0
121481,YNDX,2020-04-23,2668.0,2640.6
121482,YNDX,2020-04-24,2634.8,2621.0
121483,YNDX,2020-04-27,2652.0,2715.0
121484,YNDX,2020-04-28,2731.0,2754.8
121485,YNDX,2020-04-29,2800.2,2870.0
121486,YNDX,2020-04-30,2898.0,2850.8
121487,YNDX,2020-05-04,2809.8,2828.8
121488,YNDX,2020-05-05,2849.8,2842.2
121489,YNDX,2020-05-06,2849.0,2864.0
121490,YNDX,2020-05-07,2869.0,2910.2
121491,YNDX,2020-05-08,2975.0,2975.2
121492,YNDX,2020-05-12,2968.0,2977.0
121493,YNDX,2020-05-13,2958.4,2893.4
121494,YNDX,2020-05-14,2875.2,2821.8
121495,YNDX,2020-05-15,2858.0,2839.6
121496,YNDX,2020-05-18,2877.0,2945.0
121497,YNDX,2020-05-19,2976.0,2970.0
121498,YNDX,2020-05-20,2955.2,2964.6
121499,YNDX,2020-05-21,2944.0,2910.8
121500,YNDX,2020-05-22,2889.8,2905.0
121501,YNDX,2020-05-25,2913.8,2960.6
121502,YNDX,2020-05-26,2968.8,2913.2
121503,YNDX,2020-05-27,2905.8,2826.0
121504,YNDX,2020-05-28,2875.4,2888.0
121505,YNDX,2020-05-29,2865.0,2833.2
121506,YNDX,2020-06-01,2849.6,2846.0
121507,YNDX,2020-06-02,2848.0,2837.8
121508,YNDX,2020-06-03,2848.4,2867.6
121509,YNDX,2020-06-04,2864.8,2861.6
121510,YNDX,2020-06-05,2874.2,2884.0
121511,YNDX,2020-06-08,2897.2,2873.2
121512,YNDX,2020-06-09,2896.4,2902.0
121513,YNDX,2020-06-10,2895.6,2881.2
121514,YNDX,2020-06-11,2871.0,2850.0
121515,YNDX,2020-06-15,2836.0,2967.4
121516,YNDX,2020-06-16,2984.0,3009.0
121517,YNDX,2020-06-17,3024.0,3068.2
121518,YNDX,2020-06-18,3058.8,3108.0
121519,YNDX,2020-06-19,3109.0,3155.0
121520,YNDX,2020-06-22,3171.0,3241.2
121521,YNDX,2020-06-23,3242.0,3371.2
121522,YNDX,2020-06-24,3373.2,3358.6
121523,YNDX,2020-06-25,3434.0,3492.0
121524,YNDX,2020-06-26,3491.0,3425.6
121525,YNDX,2020-06-27,3427.2,3430.0
121526,YNDX,2020-06-29,3434.6,3456.0
121527,YNDX,2020-06-30,3457.6,3555.0
121528,YNDX,2020-07-01,3556.2,3545.6
121529,YNDX,2020-07-02,3524.0,3540.0
121530,YNDX,2020-07-03,3540.4,3549.6
121531,YNDX,2020-07-04,3548.4,3549.6
121532,YNDX,2020-07-06,3573.0,3628.0
121533,YNDX,2020-07-07,3626.4,3583.0
121534,YNDX,2020-07-08,3583.2,3578.0
121535,YNDX,2020-07-09,3578.0,3641.6
121536,YNDX,2020-07-10,3641.6,3638.0
121537,YNDX,2020-07-11,3637.2,3633.0
121538,YNDX,2020-07-13,3640.6,3672.8
121539,YNDX,2020-07-14,3673.0,3786.6
121540,YNDX,2020-07-15,3787.0,3890.6
121541,YNDX,2020-07-16,3888.0,3831.0
121542,YNDX,2020-07-17,3834.4,3940.6
121543,YNDX,2020-07-18,3939.8,3950.0
121544,YNDX,2020-07-20,3950.0,4012.0
121545,YNDX,2020-07-21,4011.8,3963.0
121546,YNDX,2020-07-22,3960.8,4020.8
121547,YNDX,2020-07-23,4022.0,4014.4
121548,YNDX,2020-07-24,4017.0,4028.8
121549,YNDX,2020-07-25,4028.8,4017.2
121550,YNDX,2020-07-27,4038.4,4155.0
121551,YNDX,2020-07-28,4152.2,4139.0
121552,YNDX,2020-07-29,4135.2,4187.4
121553,YNDX,2020-07-30,4187.4,4191.2
121554,YNDX,2020-07-31,4191.6,4262.6
121555,YNDX,2020-08-01,4262.8,4257.0
121556,YNDX,2020-08-03,4261.0,4293.2
121557,YNDX,2020-08-04,4290.6,4317.6
121558,YNDX,2020-08-05,4317.8,4352.4
121559,YNDX,2020-08-06,4352.4,4404.6
121560,YNDX,2020-08-07,4406.2,4358.6
121561,YNDX,2020-08-08,4359.4,4360.0
121562,YNDX,2020-08-10,4380.4,4194.2
121563,YNDX,2020-08-11,4196.6,4171.4
121564,YNDX,2020-08-12,4172.2,4269.2
121565,YNDX,2020-08-13,4269.2,4352.8
121566,YNDX,2020-08-14,4350.2,4381.6
121567,YNDX,2020-08-15,4381.6,4389.6
121568,YNDX,2020-08-17,4406.2,4468.2
121569,YNDX,2020-08-18,4468.2,4497.0
121570,YNDX,2020-08-19,4497.0,4582.0
121571,YNDX,2020-08-20,4581.6,4695.0
121572,YNDX,2020-08-21,4695.0,4755.8
121573,YNDX,2020-08-22,4756.0,4772.0
121574,YNDX,2020-08-24,4792.2,4867.4
121575,YNDX,2020-08-25,4869.0,5040.0
121576,YNDX,2020-08-26,5040.0,4954.4
121577,YNDX,2020-08-27,4952.4,4841.6
121578,YNDX,2020-08-28,4839.2,4840.0
121579,YNDX,2020-08-29,4841.2,4845.0
121580,YNDX,2020-08-31,4888.0,5064.4
121581,YNDX,2020-09-01,5064.2,5012.2
121582,YNDX,2020-09-02,5012.4,5084.8
121583,YNDX,2020-09-03,5085.6,4907.4
121584,YNDX,2020-09-04,4909.0,4866.4
121585,YNDX,2020-09-05,4863.6,4885.0
121586,YNDX,2020-09-07,4845.0,4963.6
121587,YNDX,2020-09-08,4964.0,4668.2
121588,YNDX,2020-09-09,4668.2,4721.0
121589,YNDX,2020-09-10,4718.4,4594.4
121590,YNDX,2020-09-11,4594.0,4647.8
121591,YNDX,2020-09-12,4646.8,4662.0
121592,YNDX,2020-09-14,4680.0,4710.6
121593,YNDX,2020-09-15,4710.6,4673.0
121594,YNDX,2020-09-16,4672.0,4621.4
121595,YNDX,2020-09-17,4621.8,4581.2
121596,YNDX,2020-09-18,4580.0,4612.8
121597,YNDX,2020-09-19,4611.8,4628.0
121598,YNDX,2020-09-21,4615.2,4513.4
121599,YNDX,2020-09-22,4513.2,4900.0
121600,YNDX,2020-09-23,4900.0,4996.2
121601,YNDX,2020-09-24,4995.0,4765.8
121602,YNDX,2020-09-25,4765.8,4954.2
121603,YNDX,2020-09-26,4953.6,4934.0
121604,YNDX,2020-09-28,4951.8,5074.0
121605,YNDX,2020-09-29,5074.8,5102.6
121606,YNDX,2020-09-30,5100.2,5095.0
